ticker,isin,name,weight_percentage,sector,country,currency
,US67066G1040,NVIDIA CORP,6.054675775661721,Informationstechnologie,USA,USD
,US02079K3059,ALPHABET INC CL A,4.654694427876127,Kommunikationsdienstleistungen,USA,USD
,US88160R1014,TESLA INC,4.372267939521462,Nicht-Basiskonsumgüter,USA,USD
,US11135F1012,BROADCOM INC,3.8974367793658335,Informationstechnologie,USA,USD
,US0231351067,AMAZON.COM INC,3.6874820091096674,Nicht-Basiskonsumgüter,USA,USD
,US0378331005,APPLE INC,3.1967478807060634,Informationstechnologie,USA,USD
,US91324P1021,UNITEDHEALTH GROUP INC,2.4407588877361412,Gesundheitswesen,USA,USD
,US30303M1027,META PLATFORMS INC-CLASS A,2.3949565526985737,Kommunikationsdienstleistungen,USA,USD
,US69608A1088,PALANTIR TECHNOLOGIES INC-A,2.374780411840394,Informationstechnologie,USA,USD
,US7134481081,PEPSICO INC,2.1037666928846526,Basiskonsumgüter,USA,USD
,US68389X1054,ORACLE CORP,1.954025106740863,Informationstechnologie,USA,USD
,US6558441084,NORFOLK SOUTHERN CORP,1.9375599416419413,Industrie,USA,USD
,US0326541051,ANALOG DEVICES INC,1.8431598285825777,Informationstechnologie,USA,USD
,US7427181091,PROCTER & GAMBLE CO/THE,1.7526383526216285,Basiskonsumgüter,USA,USD
,US1729674242,CITIGROUP INC,1.7334445837919976,Finanzdienstleistungen,USA,USD
,US1266501006,CVS HEALTH CORP,1.6440070739795463,Gesundheitswesen,USA,USD
,US3755581036,GILEAD SCIENCES INC,1.5972227572603723,Gesundheitswesen,USA,USD
,FR0000125486,VINCI SA (PARIS),1.3672420837565546,Industrie,Frankreich,EUR
,US2546871060,WALT DISNEY CO/THE,1.2766206616591655,Kommunikationsdienstleistungen,USA,USD
,FR0010307819,LEGRAND SA,1.260096450923154,Industrie,Frankreich,EUR
,US46625H1005,JPMORGAN CHASE & CO,1.2381947474332582,Finanzdienstleistungen,USA,USD
,US1273871087,CADENCE DESIGN SYS INC,1.224350923920977,Informationstechnologie,USA,USD
,US0079031078,ADVANCED MICRO DEVICES,1.2201221995709013,Informationstechnologie,USA,USD
,FR0000073272,SAFRAN SA,1.2053870954192294,Industrie,Frankreich,EUR
,US4370761029,HOME DEPOT INC,1.13939558886326,Nicht-Basiskonsumgüter,USA,USD
,US17275R1023,CISCO SYSTEMS INC,0.9318318381784825,Informationstechnologie,USA,USD
,IE00BDVJJQ56,NVENT ELECTRIC PLC-W/I,0.9250873471011836,Industrie,USA,USD
,US22160K1051,COSTCO WHOLESALE CORP,0.8679386509378847,Basiskonsumgüter,USA,USD
,US00287Y1091,ABBVIE INC,0.8518851326686031,Gesundheitswesen,USA,USD
,US9344231041,WARNER BROS DISCOVERY INC,0.8495968909142911,Kommunikationsdienstleistungen,USA,USD
,US46120E6023,INTUITIVE SURGICAL INC,0.7652540448477301,Gesundheitswesen,USA,USD
,US0533321024,AUTOZONE INC,0.7463263114479893,Nicht-Basiskonsumgüter,USA,USD
,US09857L1089,BOOKING HOLDINGS INC,0.7014731862680013,Nicht-Basiskonsumgüter,USA,USD
,US9113631090,UNITED RENTALS,0.6873702782991158,Industrie,USA,USD
,US2172041061,COPART INC,0.6771119446619994,Industrie,USA,USD
,US55261F1049,M & T BANK CORP,0.6736155165051158,Finanzdienstleistungen,USA,USD
,US3696043013,GENERAL ELECTRIC,0.659769937763835,Industrie,USA,USD
,US14149Y1082,CARDINAL HEALTH INC,0.6544222286148917,Gesundheitswesen,USA,USD
,US03831W1080,APPLOVIN CORP-CLASS A,0.6500994699528041,Informationstechnologie,USA,USD
,US04626A1034,ASTERA LABS INC,0.6424639760085977,Informationstechnologie,USA,USD
,US71377A1034,PERFORMANCE FOOD GROUP CO,0.6412501249125114,Basiskonsumgüter,USA,USD
,US8835561023,THERMO FISHER SCIENTIFIC INC,0.6338995995571508,Gesundheitswesen,USA,USD
,US2600031080,DOVER CORP,0.6226404176915786,Industrie,USA,USD
,US37045V1008,GENERAL MOTORS CO,0.6167065453219855,Nicht-Basiskonsumgüter,USA,USD
,US7436061052,PROSPERITY BANCSHARES INC,0.6159566408846308,Finanzdienstleistungen,USA,USD
,US2521311074,DEXCOM INC,0.6076615571950691,Gesundheitswesen,USA,USD
,US29530P1021,ERIE INDEMNITY COMPANY-CL A,0.6048146297139297,Finanzdienstleistungen,USA,USD
,US5128073062,LAM RESEARCH CORP,0.5892970751159168,Informationstechnologie,USA,USD
,US6974351057,PALO ALTO NETWORKS INC,0.5716291844748924,Informationstechnologie,USA,USD
,US9026811052,UGI CORP,0.5649907811702288,Versorger,USA,USD
,US9024941034,TYSON FOODS INC-CL A,0.5598040148634074,Basiskonsumgüter,USA,USD
,FR0011149590,L OREAL PRIME FIDELITE,0.556973745737796,Basiskonsumgüter,Frankreich,EUR
,US0427351004,ARROW ELECTRONICS,0.5456487031505451,Informationstechnologie,USA,USD
,US81762P1021,SERVICENOW INC,0.5423266534976112,Informationstechnologie,USA,USD
,US92939U1060,WEC ENERGY GROUP INC,0.5341607200241064,Versorger,USA,USD
,FR0000125338,CAPGEMINI SE,0.5286494954734985,Informationstechnologie,Frankreich,EUR
,US5738741041,MARVELL TECHNOLOGY INC,0.5230587400647698,Informationstechnologie,USA,USD
,NL0013056914,ELASTIC NV,0.5005175736774183,Informationstechnologie,USA,USD
,US1252691001,CF INDUSTRIES HOLDINGS,0.5003378262377058,Werkstoffe,USA,USD
,US8760301072,TAPESTRY INC,0.49496762417884954,Nicht-Basiskonsumgüter,USA,USD
,US1912161007,COCA-COLA CO/THE,0.4672800937254728,Basiskonsumgüter,USA,USD
,US44267T1025,HOWARD HUGHES HOLDINGS INC,0.4611784900740112,Immobilien,USA,USD
,US98978V1035,ZOETIS INC,0.45355593486532025,Gesundheitswesen,USA,USD
,US4592001014,INTL BUSINESS MACHINES CORP,0.441264481176296,Informationstechnologie,USA,USD
,US38141G1040,GOLDMAN SACHS GROUP INC,0.4384851629846244,Finanzdienstleistungen,USA,USD
,FR0000120693,PERNOD RICARD,0.4043355488073097,Basiskonsumgüter,Frankreich,EUR
,US5801351017,MCDONALD S CORP  COM NPV,0.40093513467423514,Nicht-Basiskonsumgüter,USA,USD
,US42824C1099,HEWLETT PACKARD ENTERPRISE,0.3914163539531643,Informationstechnologie,USA,USD
,BMG0450A1053,ARCH CAPITAL GROUP LTD,0.38907422700163286,Finanzdienstleistungen,USA,USD
,US29355A1079,ENPHASE ENERGY INC,0.3807628972854809,Informationstechnologie,USA,USD
,US58933Y1055,MERCK & CO. INC.,0.3793369738928885,Gesundheitswesen,USA,USD
,US36828A1016,GE VERNOVA INC,0.37220383714623295,Industrie,USA,USD
,US4470111075,HUNTSMAN CORP,0.3619003478284195,Werkstoffe,USA,USD
,US26614N1028,DUPONT DE NEMOURS INC,0.35625698084594254,Werkstoffe,USA,USD
,US25862V1052,DOUBLEVERIFY HOLDINGS INC,0.35034776428135184,Kommunikationsdienstleistungen,USA,USD
,US7416231022,PRIMO BRANDS CORP,0.3479792282941816,Basiskonsumgüter,USA,USD
,US7475251036,QUALCOMM INC,0.3334002749097089,Informationstechnologie,USA,USD
,US2358511028,DANAHER CORP,0.3037671766923782,Gesundheitswesen,USA,USD
,US2855121099,ELECTRONIC ARTS INC,0.3032158942350382,Kommunikationsdienstleistungen,USA,USD
,US1491231015,CATERPILLAR INC,0.29411671249685034,Industrie,USA,USD
,FR0000121329,THALES SA,0.28613459379826484,Industrie,Frankreich,EUR
,US90353T1007,UBER TECHNOLOGIES INC,0.2847626695095936,Industrie,USA,USD
,US98138H1014,WORKDAY INC,0.2838533662987396,Informationstechnologie,USA,USD
,US22788C1053,CROWDSTRIKE HOLDINGS INC - A,0.2834054858139116,Informationstechnologie,USA,USD
,US40412C1018,HCA HEALTHCARE INC,0.2781848685669425,Gesundheitswesen,USA,USD
,FR0013215407,ENGIE PRIME DE FIDELITE,0.27464611374551356,Versorger,Frankreich,EUR
,US2372661015,DARLING INGREDIENTS INC,0.2710729997335664,Basiskonsumgüter,USA,USD
,US46266C1053,IQVIA HOLDINGS INC,0.26371422513496934,Gesundheitswesen,USA,USD
,US2244081046,CRANE CO,0.2633421165871072,Industrie,USA,USD
,US88339J1051,TRADE DESK INC/THE -CLASS A,0.26017348260829026,Kommunikationsdienstleistungen,USA,USD
,NL0015001FS8,FERROVIAL SE AMSTERDAM,0.2587897526560306,Industrie,USA,EUR
,US7766961061,ROPER TECHNOLOGIES INC,0.2561579429768948,Informationstechnologie,USA,USD
,US5312297485,LIBERTY MEDIA CORP-LIBERTY-A,0.2533747899262671,Kommunikationsdienstleistungen,USA,USD
,US7509401086,RALLIANT CORP,0.24322722622673368,Informationstechnologie,USA,USD
,FR001400AJ45,MICHELIN (CGDE),0.23438511392893627,Nicht-Basiskonsumgüter,Frankreich,EUR
,US29364G1031,ENTERGY CORP,0.23300903038035162,Versorger,USA,USD
,FR0013176526,VALEO,0.22803366092327915,Nicht-Basiskonsumgüter,Frankreich,EUR
,US1255231003,THE CIGNA GROUP,0.22488028711188007,Gesundheitswesen,USA,USD
,US4612021034,INTUIT INC,0.20791683081837195,Informationstechnologie,USA,USD
,IE00BTN1Y115,MEDTRONIC PLC,0.20453079823903406,Gesundheitswesen,USA,USD
,US8740541094,TAKE-TWO INTERACTIVE SOFTWARE,0.20222068573188112,Kommunikationsdienstleistungen,USA,USD
,US31620M1062,FIDELITY NATIONAL INFORMATION,0.200532286660356,Finanzdienstleistungen,USA,USD
,US3364331070,FIRST SOLAR INC,0.20017416399031943,Informationstechnologie,USA,USD
,US2567461080,DOLLAR TREE INC,0.19823617601793425,Basiskonsumgüter,USA,USD
,US20030N1019,COMCAST CORP-CLASS A,0.1975410893472862,Kommunikationsdienstleistungen,USA,USD
,US6247561029,MUELLER INDUSTRIES INC,0.1965921839070321,Industrie,USA,USD
,US2786421030,EBAY INC,0.1918675643998314,Nicht-Basiskonsumgüter,USA,USD
,US0530151036,AUTOMATIC DATA PROCESSING,0.18140233422686347,Industrie,USA,USD
,US3119001044,FASTENAL CO,0.16848615823337282,Industrie,USA,USD
,US98419M1009,XYLEM INC,0.16452681790376758,Industrie,USA,USD
,US3666511072,GARTNER INC,0.15847527325014318,Informationstechnologie,USA,USD
,US74144T1088,T ROWE PRICE GROUP INC,0.15363815588732388,Finanzdienstleistungen,USA,USD
,US9291601097,VULCAN MATERIALS CO,0.15160829316741103,Werkstoffe,USA,USD
,US4432011082,HOWMET AEROSPACE INC,0.15048191642311445,Industrie,USA,USD
,FR0000133308,ORANGE,0.14191466232867825,Kommunikationsdienstleistungen,Frankreich,EUR
,FR0010411983,SCOR SE,0.13993848363742406,Finanzdienstleistungen,Frankreich,EUR
,US8894781033,TOLL BROTHERS INC,0.13530411221011673,Nicht-Basiskonsumgüter,USA,USD
,US2561631068,DOCUSIGN INC,0.13467938457668177,Informationstechnologie,USA,USD
,US45167R1041,IDEX CORP,0.13384661867589426,Industrie,USA,USD
,US61945C1036,MOSAIC CO/THE,0.13373893487719338,Werkstoffe,USA,USD
,US00724F1012,ADOBE INC,0.13299977697093782,Informationstechnologie,USA,USD
,US3020811044,EXLSERVICE HOLDINGS INC,0.13295613005444698,Industrie,USA,USD
,US1941621039,COLGATE-PALMOLIVE CO,0.13204458401397595,Basiskonsumgüter,USA,USD
,US4448591028,HUMANA INC,0.13159620127386693,Gesundheitswesen,USA,USD
,US68902V1070,OTIS WORLDWIDE CORP,0.12898342200736204,Industrie,USA,USD
,US0090661010,AIRBNB INC-CLASS A,0.12471859989079523,Nicht-Basiskonsumgüter,USA,USD
,US3795772082,GLOBUS MEDICAL INC - A,0.12374898607895406,Gesundheitswesen,USA,USD
,FR0011532431,SODEXO-ACT PROV PRIME DE FIDELITE,0.11902798960421168,Nicht-Basiskonsumgüter,Frankreich,EUR
,US72352L1061,PINTEREST INC- CLASS A,0.11756341786758044,Kommunikationsdienstleistungen,USA,USD
,US46269C1027,IRIDIUM COMMUNICATIONS INC,0.11733790124967235,Kommunikationsdienstleistungen,USA,USD
,US74251V1026,PRINCIPAL FINANCIAL GROUP,0.11237574297162992,Finanzdienstleistungen,USA,USD
,US9884981013,YUM! BRANDS INC,0.10332612263884568,Nicht-Basiskonsumgüter,USA,USD
,FR0000130577,PUBLICIS GROUPE SA,0.0909190343301201,Kommunikationsdienstleistungen,Frankreich,EUR
,US28176E1082,EDWARDS LIFESCIENCES CORP,0.08898349035591271,Gesundheitswesen,USA,USD
,US23918K1088,DAVITA INC,0.08716242528136348,Gesundheitswesen,USA,USD
,US1598641074,CHARLES RIV LAB INT,0.08709219480551547,Gesundheitswesen,USA,USD
,US77311W1018,ROCKET COS INC-CLASS A,0.08615672369484725,Finanzdienstleistungen,USA,USD
,US1033041013,BOYD GAMING CORP,0.0829697214277354,Nicht-Basiskonsumgüter,USA,USD
,US60770K1079,MODERNA INC,0.08229926524948968,Gesundheitswesen,USA,USD
,US3205171057,FIRST HORIZON NATIONAL CORP,0.08112495310130273,Finanzdienstleistungen,USA,USD
,US45168D1046,IDEXX LABORATORIES INC,0.07824859505938583,Gesundheitswesen,USA,USD
,US26142V1052,DRAFTKINGS INC-CL A,0.07668497378526418,Nicht-Basiskonsumgüter,USA,USD
,US89417E1091,TRAVELERS COMPANIES INC,0.07229309773562374,Finanzdienstleistungen,USA,USD
,US64110D1046,NETAPP INC,0.0712546856082187,Informationstechnologie,USA,USD
,US3156161024,F5 INC,0.0694578127184127,Informationstechnologie,USA,USD
,US6795801009,OLD DOMINION FREIGHT LINE,0.06443864313700504,Industrie,USA,USD
,US00206R1023,AT&T INC,0.06239503434284908,Kommunikationsdienstleistungen,USA,USD
,US29786A1060,ETSY INC,0.06150485213709044,Nicht-Basiskonsumgüter,USA,USD
,US3029411093,FTI CONSULTING INC,0.06029651918788499,Industrie,USA,USD
,US2166485019,COOPER COS INC/THE,0.05891113259254323,Gesundheitswesen,USA,USD
,US5339001068,LINCOLN ELECTRIC HOLDINGS,0.056164935272334834,Industrie,USA,USD
,GB0022569080,AMDOCS LTD,0.0556315461589723,Informationstechnologie,USA,USD
,US09260D1072,BLACKSTONE INC,0.05462070078561246,Finanzdienstleistungen,USA,USD
,US02079K1079,ALPHABET INC CL C,0.050330741258514916,Kommunikationsdienstleistungen,USA,USD
,US9282541013,VIRTU FINANCIAL INC-CLASS A,0.03852005445116801,Finanzdienstleistungen,USA,USD
,US2441991054,DEERE & CO,0.03755430347536755,Industrie,USA,USD
,US90384S3031,ULTA BEAUTY INC,0.03411213487574036,Nicht-Basiskonsumgüter,USA,USD
,US29084Q1004,EMCOR GROUP INC,0.03145901331933506,Industrie,USA,USD
,US40434L1052,HP INC,0.023690604242827176,Informationstechnologie,USA,USD
,US9892071054,ZEBRA TECHNOLOGIES CLASS A,0.021513375560285798,Informationstechnologie,USA,USD
,US25746U1097,DOMINION ENERGY INC,0.020505445798815955,Versorger,USA,USD
,US8168511090,SEMPRA,0.01839140602637223,Versorger,USA,USD
,US0718131099,BAXTER INTERNATIONAL INC,0.014044221371048448,Gesundheitswesen,USA,USD
,FR0010313833,ARKEMA,0.01203424702769482,Werkstoffe,Frankreich,EUR
,US73278L1052,POOL CORP,0.011012178846676138,Nicht-Basiskonsumgüter,USA,USD
,US95082P1057,WESCO INTERNATIONAL,0.008850999685011544,Industrie,USA,USD
,US7591EP1005,REGIONS FINANCIAL CORP,0.007570838901650532,Finanzdienstleistungen,USA,USD
,US3724601055,GENUINE PARTS CO,0.005545704309038382,Nicht-Basiskonsumgüter,USA,USD
,US0534841012,AVALONBAY COMMUNITIES INC,0.004652780348987033,Immobilien,USA,USD
,US9553061055,WEST PHARMACEUTICAL SERVICES,0.0039049661995259463,Gesundheitswesen,USA,USD
,US5486611073,LOWE S COS INC COM US 0.50,0.0037000726897088777,Nicht-Basiskonsumgüter,USA,USD
,US57636Q1040,MASTERCARD INC-CL A,0.00018205754755683894,Finanzdienstleistungen,USA,USD
