ticker,name,weight_percentage,raw_ticker
NVDA,NVIDIA CORP,7.58,NVDA
AAPL,APPLE INC,7.27,AAPL
MSFT,MICROSOFT CORP,6.24,MSFT
AMZN,AMAZON COM INC,3.9,AMZN
GOOGL,ALPHABET INC CLASS A,3.15,GOOGL
AVGO,BROADCOM INC,3.07,AVGO
GOOG,ALPHABET INC CLASS C,2.53,GOOG
META,META PLATFORMS INC CLASS A,2.4,META
TSLA,TESLA INC,2.06,TSLA
BRKB,BERKSHIRE HATHAWAY INC CLASS B,1.59,BRKB
JPM,JPMORGAN CHASE & CO,1.45,JPM
LLY,ELI LILLY,1.42,LLY
V,VISA INC CLASS A,0.96,V
JNJ,JOHNSON & JOHNSON,0.85,JNJ
WMT,WALMART INC,0.84,WMT
XOM,EXXON MOBIL CORP,0.84,XOM
NFLX,NETFLIX INC,0.8,NFLX
MA,MASTERCARD INC CLASS A,0.77,MA
COST,COSTCO WHOLESALE CORP,0.7,COST
ABBV,ABBVIE INC,0.68,ABBV
PLTR,PALANTIR TECHNOLOGIES INC CLASS A,0.66,PLTR
BAC,BANK OF AMERICA CORP,0.62,BAC
HD,HOME DEPOT INC,0.6,HD
AMD,ADVANCED MICRO DEVICES INC,0.6,AMD
PG,PROCTER & GAMBLE,0.58,PG
ORCL,ORACLE CORP,0.57,ORCL
GE,GE AEROSPACE,0.53,GE
CSCO,CISCO SYSTEMS INC,0.52,CSCO
UNH,UNITEDHEALTH GROUP INC,0.5,UNH
CVX,CHEVRON CORP,0.5,CVX
IBM,INTERNATIONAL BUSINESS MACHINES CO,0.48,IBM
WFC,WELLS FARGO,0.47,WFC
KO,COCA-COLA,0.47,KO
CAT,CATERPILLAR INC,0.47,CAT
MU,MICRON TECHNOLOGY INC,0.46,MU
MRK,MERCK & CO INC,0.43,MRK
GS,GOLDMAN SACHS GROUP INC,0.42,GS
PM,PHILIP MORRIS INTERNATIONAL INC,0.41,PM
RTX,RTX CORP,0.39,RTX
CRM,SALESFORCE INC,0.38,CRM
ABT,ABBOTT LABORATORIES,0.38,ABT
TMO,THERMO FISHER SCIENTIFIC INC,0.38,TMO
MCD,MCDONALDS CORP,0.37,MCD
AMAT,APPLIED MATERIAL INC,0.36,AMAT
MS,MORGAN STANLEY,0.35,MS
ISRG,INTUITIVE SURGICAL INC,0.35,ISRG
PEP,PEPSICO INC,0.35,PEP
LRCX,LAM RESEARCH CORP,0.34,LRCX
AXP,AMERICAN EXPRESS,0.34,AXP
LIN,LINDE PLC,0.33,LIN
INTC,INTEL CORPORATION CORP,0.33,INTC
C,CITIGROUP INC,0.33,C
DIS,WALT DISNEY,0.32,DIS
QCOM,QUALCOMM INC,0.32,QCOM
UBER,UBER TECHNOLOGIES INC,0.31,UBER
T,AT&T INC,0.31,T
AMGN,AMGEN INC,0.31,AMGN
INTU,INTUIT INC,0.3,INTU
APP,APPLOVIN CORP CLASS A,0.3,APP
NEE,NEXTERA ENERGY INC,0.3,NEE
APH,AMPHENOL CORP CLASS A,0.3,APH
NOW,SERVICENOW INC,0.29,NOW
VZ,VERIZON COMMUNICATIONS INC,0.29,VZ
TJX,TJX INC,0.29,TJX
BKNG,BOOKING HOLDINGS INC,0.29,BKNG
GEV,GE VERNOVA INC,0.28,GEV
ACN,ACCENTURE PLC CLASS A,0.28,ACN
TXN,TEXAS INSTRUMENT INC,0.27,TXN
SCHW,CHARLES SCHWAB CORP,0.27,SCHW
KLAC,KLA CORP,0.27,KLAC
BA,BOEING,0.27,BA
GILD,GILEAD SCIENCES INC,0.26,GILD
SPGI,S&P GLOBAL INC,0.26,SPGI
BLK,BLACKROCK INC,0.26,BLK
BSX,BOSTON SCIENTIFIC CORP,0.25,BSX
DHR,DANAHER CORP,0.25,DHR
COF,CAPITAL ONE FINANCIAL CORP,0.25,COF
PFE,PFIZER INC,0.24,PFE
UNP,UNION PACIFIC CORP,0.24,UNP
ADBE,ADOBE INC,0.23,ADBE
LOW,LOWES COMPANIES INC,0.23,LOW
WELL,WELLTOWER INC,0.23,WELL
ADI,ANALOG DEVICES INC,0.23,ADI
PGR,PROGRESSIVE CORP,0.23,PGR
ANET,ARISTA NETWORKS INC,0.22,ANET
MDT,MEDTRONIC PLC,0.22,MDT
ETN,EATON PLC,0.22,ETN
CRWD,CROWDSTRIKE HOLDINGS INC CLASS A,0.22,CRWD
PANW,PALO ALTO NETWORKS INC,0.22,PANW
SYK,STRYKER CORP,0.22,SYK
USD,USD CASH,0.21,USD
HON,HONEYWELL INTERNATIONAL INC,0.21,HON
PLD,PROLOGIS REIT INC,0.2,PLD
DE,DEERE,0.2,DE
CEG,CONSTELLATION ENERGY CORP,0.19,CEG
COP,CONOCOPHILLIPS,0.19,COP
VRTX,VERTEX PHARMACEUTICALS INC,0.19,VRTX
PH,PARKER-HANNIFIN CORP,0.19,PH
CB,CHUBB LTD,0.19,CB
BX,BLACKSTONE INC,0.19,BX
ADP,AUTOMATIC DATA PROCESSING INC,0.18,ADP
MCK,MCKESSON CORP,0.18,MCK
TMUS,T MOBILE US INC,0.17,TMUS
CME,CME GROUP INC CLASS A,0.17,CME
CMCSA,COMCAST CORP CLASS A,0.17,CMCSA
NEM,NEWMONT,0.17,NEM
CVS,CVS HEALTH CORP,0.17,CVS
MO,ALTRIA GROUP INC,0.17,MO
BMY,BRISTOL MYERS SQUIBB,0.17,BMY
SO,SOUTHERN,0.17,SO
HOOD,ROBINHOOD MARKETS INC CLASS A,0.17,HOOD
SBUX,STARBUCKS CORP,0.17,SBUX
DUK,DUKE ENERGY CORP,0.16,DUK
TT,TRANE TECHNOLOGIES PLC,0.16,TT
MMM,3M,0.16,MMM
LMT,LOCKHEED MARTIN CORP,0.16,LMT
MMC,MARSH & MCLENNAN INC,0.15,MMC
ICE,INTERCONTINENTAL EXCHANGE INC,0.15,ICE
CDNS,CADENCE DESIGN SYSTEMS INC,0.15,CDNS
GD,GENERAL DYNAMICS CORP,0.15,GD
ORLY,OREILLY AUTOMOTIVE INC,0.15,ORLY
KKR,KKR AND CO INC,0.14,KKR
SNPS,SYNOPSYS INC,0.14,SNPS
AMT,AMERICAN TOWER REIT CORP,0.14,AMT
HCA,HCA HEALTHCARE INC,0.14,HCA
DASH,DOORDASH INC CLASS A,0.14,DASH
WM,WASTE MANAGEMENT INC,0.14,WM
HWM,HOWMET AEROSPACE INC,0.14,HWM
BK,BANK OF NEW YORK MELLON CORP,0.14,BK
SHW,SHERWIN WILLIAMS,0.13,SHW
USB,US BANCORP,0.13,USB
NKE,NIKE INC CLASS B,0.13,NKE
TDG,TRANSDIGM GROUP INC,0.13,TDG
PNC,PNC FINANCIAL SERVICES GROUP INC,0.13,PNC
REGN,REGENERON PHARMACEUTICALS INC,0.13,REGN
JCI,JOHNSON CONTROLS INTERNATIONAL PLC,0.13,JCI
MCO,MOODYS CORP,0.13,MCO
AON,AON PLC CLASS A,0.13,AON
ELV,ELEVANCE HEALTH INC,0.13,ELV
EMR,EMERSON ELECTRIC,0.13,EMR
WMB,WILLIAMS INC,0.13,WMB
NOC,NORTHROP GRUMMAN CORP,0.13,NOC
CI,CIGNA,0.13,CI
MDLZ,MONDELEZ INTERNATIONAL INC CLASS A,0.12,MDLZ
EQIX,EQUINIX REIT INC,0.12,EQIX
UPS,UNITED PARCEL SERVICE INC CLASS B,0.12,UPS
GM,GENERAL MOTORS,0.12,GM
ECL,ECOLAB INC,0.12,ECL
CMI,CUMMINS INC,0.12,CMI
MAR,MARRIOTT INTERNATIONAL INC CLASS A,0.12,MAR
COR,CENCORA INC,0.12,COR
TEL,TE CONNECTIVITY PLC,0.12,TEL
PWR,QUANTA SERVICES INC,0.12,PWR
RCL,ROYAL CARIBBEAN GROUP LTD,0.11,RCL
ADSK,AUTODESK INC,0.11,ADSK
HLT,HILTON WORLDWIDE HOLDINGS INC,0.11,HLT
ITW,ILLINOIS TOOL INC,0.11,ITW
NSC,NORFOLK SOUTHERN CORP,0.11,NSC
GLW,CORNING INC,0.11,GLW
CSX,CSX CORP,0.11,CSX
TRV,TRAVELERS COMPANIES INC,0.11,TRV
AZO,AUTOZONE INC,0.11,AZO
AEP,AMERICAN ELECTRIC POWER INC,0.11,AEP
CL,COLGATE-PALMOLIVE,0.11,CL
CTAS,CINTAS CORP,0.11,CTAS
MSI,MOTOROLA SOLUTIONS INC,0.11,MSI
AJG,ARTHUR J GALLAGHER,0.11,AJG
FCX,FREEPORT MCMORAN INC,0.11,FCX
APO,APOLLO GLOBAL MANAGEMENT INC,0.1,APO
WBD,WARNER BROS. DISCOVERY INC SERIES,0.1,WBD
PYPL,PAYPAL HOLDINGS INC,0.1,PYPL
TFC,TRUIST FINANCIAL CORP,0.1,TFC
EOG,EOG RESOURCES INC,0.1,EOG
COIN,COINBASE GLOBAL INC CLASS A,0.1,COIN
SPG,SIMON PROPERTY GROUP REIT INC,0.1,SPG
SRE,SEMPRA,0.1,SRE
FDX,FEDEX CORP,0.1,FDX
IDXX,IDEXX LABORATORIES INC,0.1,IDXX
MPC,MARATHON PETROLEUM CORP,0.1,MPC
ROST,ROSS STORES INC,0.1,ROST
APD,AIR PRODUCTS AND CHEMICALS INC,0.1,APD
STX,SEAGATE TECHNOLOGY HOLDINGS PLC,0.1,STX
WDC,WESTERN DIGITAL CORP,0.1,WDC
PCAR,PACCAR INC,0.1,PCAR
PSX,PHILLIPS,0.1,PSX
VLO,VALERO ENERGY CORP,0.09,VLO
ZTS,ZOETIS INC CLASS A,0.09,ZTS
ALL,ALLSTATE CORP,0.09,ALL
VST,VISTRA CORP,0.09,VST
BDX,BECTON DICKINSON,0.09,BDX
NXPI,NXP SEMICONDUCTORS NV,0.09,NXPI
SLB,SLB NV,0.09,SLB
FTNT,FORTINET INC,0.09,FTNT
MNST,MONSTER BEVERAGE CORP,0.09,MNST
AFL,AFLAC INC,0.09,AFL
O,REALTY INCOME REIT CORP,0.09,O
KMI,KINDER MORGAN INC,0.09,KMI
D,DOMINION ENERGY INC,0.09,D
URI,UNITED RENTALS INC,0.09,URI
LHX,L3HARRIS TECHNOLOGIES INC,0.09,LHX
ABNB,AIRBNB INC CLASS A,0.09,ABNB
F,FORD MOTOR CO,0.09,F
DDOG,DATADOG INC CLASS A,0.09,DDOG
EW,EDWARDS LIFESCIENCES CORP,0.09,EW
DLR,DIGITAL REALTY TRUST REIT INC,0.09,DLR
CAH,CARDINAL HEALTH INC,0.08,CAH
BKR,BAKER HUGHES CLASS A,0.08,BKR
ROP,ROPER TECHNOLOGIES INC,0.08,ROP
XEL,XCEL ENERGY INC,0.08,XEL
CBRE,CBRE GROUP INC CLASS A,0.08,CBRE
FAST,FASTENAL,0.08,FAST
WDAY,WORKDAY INC CLASS A,0.08,WDAY
OKE,ONEOK INC,0.08,OKE
EA,ELECTRONIC ARTS INC,0.08,EA
CMG,CHIPOTLE MEXICAN GRILL INC,0.08,CMG
AME,AMETEK INC,0.08,AME
MPWR,MONOLITHIC POWER SYSTEMS INC,0.08,MPWR
EXC,EXELON CORP,0.08,EXC
CTVA,CORTEVA INC,0.08,CTVA
ROK,ROCKWELL AUTOMATION INC,0.08,ROK
DHI,D R HORTON INC,0.08,DHI
AMP,AMERIPRISE FINANCE INC,0.07,AMP
RSG,REPUBLIC SERVICES INC,0.07,RSG
CARR,CARRIER GLOBAL CORP,0.07,CARR
PSA,PUBLIC STORAGE REIT,0.07,PSA
TTWO,TAKE TWO INTERACTIVE SOFTWARE INC,0.07,TTWO
FICO,FAIR ISAAC CORP,0.07,FICO
AIG,AMERICAN INTERNATIONAL GROUP INC,0.07,AIG
MET,METLIFE INC,0.07,MET
MSCI,MSCI INC,0.07,MSCI
GWW,WW GRAINGER INC,0.07,GWW
A,AGILENT TECHNOLOGIES INC,0.07,A
DAL,DELTA AIR LINES INC,0.07,DAL
AXON,AXON ENTERPRISE INC,0.07,AXON
ETR,ENTERGY CORP,0.07,ETR
DELL,DELL TECHNOLOGIES INC CLASS C,0.07,DELL
TGT,TARGET CORP,0.07,TGT
YUM,YUM BRANDS INC,0.07,YUM
KR,KROGER,0.07,KR
PEG,PUBLIC SERVICE ENTERPRISE GROUP IN,0.07,PEG
NDAQ,NASDAQ INC,0.07,NDAQ
CCI,CROWN CASTLE INC,0.07,CCI
IQV,IQVIA HOLDINGS INC,0.07,IQV
VMC,VULCAN MATERIALS,0.07,VMC
KDP,KEURIG DR PEPPER INC,0.07,KDP
HIG,HARTFORD INSURANCE GROUP INC,0.07,HIG
PRU,PRUDENTIAL FINANCIAL INC,0.07,PRU
CTSH,COGNIZANT TECHNOLOGY SOLUTIONS COR,0.06,CTSH
EBAY,EBAY INC,0.06,EBAY
NUE,NUCOR CORP,0.06,NUE
TRGP,TARGA RESOURCES CORP,0.06,TRGP
MLM,MARTIN MARIETTA MATERIALS INC,0.06,MLM
GEHC,GE HEALTHCARE TECHNOLOGIES INC,0.06,GEHC
RMD,RESMED INC,0.06,RMD
EQT,EQT CORP,0.06,EQT
VTR,VENTAS REIT INC,0.06,VTR
PAYX,PAYCHEX INC,0.06,PAYX
WAB,WESTINGHOUSE AIR BRAKE TECHNOLOGIE,0.06,WAB
KMB,KIMBERLY CLARK CORP,0.06,KMB
SYY,SYSCO CORP,0.06,SYY
FIS,FIDELITY NATIONAL INFORMATION SERV,0.06,FIS
ED,CONSOLIDATED EDISON INC,0.06,ED
WEC,WEC ENERGY GROUP INC,0.06,WEC
KEYS,KEYSIGHT TECHNOLOGIES INC,0.06,KEYS
CPRT,COPART INC,0.06,CPRT
ACGL,ARCH CAPITAL GROUP LTD,0.06,ACGL
FISV,FISERV INC,0.06,FISV
OTIS,OTIS WORLDWIDE CORP,0.06,OTIS
XYL,XYLEM INC,0.06,XYL
UAL,UNITED AIRLINES HOLDINGS INC,0.06,UAL
STT,STATE STREET CORP,0.06,STT
PCG,PG&E CORP,0.06,PCG
XYZ,BLOCK INC CLASS A,0.06,XYZ
KVUE,KENVUE INC,0.06,KVUE
GRMN,GARMIN LTD,0.06,GRMN
NRG,NRG ENERGY INC,0.05,NRG
VRSK,VERISK ANALYTICS INC,0.05,VRSK
EXPE,EXPEDIA GROUP INC,0.05,EXPE
WTW,WILLIS TOWERS WATSON PLC,0.05,WTW
MCHP,MICROCHIP TECHNOLOGY INC,0.05,MCHP
VICI,VICI PPTYS INC,0.05,VICI
TER,TERADYNE INC,0.05,TER
OXY,OCCIDENTAL PETROLEUM CORP,0.05,OXY
MTB,M&T BANK CORP,0.05,MTB
MTD,METTLER TOLEDO INC,0.05,MTD
SYF,SYNCHRONY FINANCIAL,0.05,SYF
FANG,DIAMONDBACK ENERGY INC,0.05,FANG
HUM,HUMANA INC,0.05,HUM
ADM,ARCHER DANIELS MIDLAND,0.05,ADM
FITB,FIFTH THIRD BANCORP,0.05,FITB
CSGP,COSTAR GROUP INC,0.05,CSGP
HPE,HEWLETT PACKARD ENTERPRISE,0.05,HPE
IR,INGERSOLL RAND INC,0.05,IR
LEN,LENNAR A CORP CLASS A,0.05,LEN
SNDK,SANDISK CORP,0.05,SNDK
TSCO,TRACTOR SUPPLY,0.05,TSCO
FSLR,FIRST SOLAR INC,0.05,FSLR
EXR,EXTRA SPACE STORAGE REIT INC,0.05,EXR
CCL,CARNIVAL CORP,0.05,CCL
EXE,EXPAND ENERGY CORP,0.05,EXE
IBKR,INTERACTIVE BROKERS GROUP INC CLAS,0.05,IBKR
RJF,RAYMOND JAMES INC,0.05,RJF
DTE,DTE ENERGY,0.05,DTE
AEE,AMEREN CORP,0.05,AEE
HSY,HERSHEY FOODS,0.05,HSY
ATO,ATMOS ENERGY CORP,0.05,ATO
EME,EMCOR GROUP INC,0.05,EME
BR,BROADRIDGE FINANCIAL SOLUTIONS INC,0.05,BR
CBOE,CBOE GLOBAL MARKETS INC,0.05,CBOE
BIIB,BIOGEN INC,0.05,BIIB
ODFL,OLD DOMINION FREIGHT LINE INC,0.04,ODFL
PPL,PPL CORP,0.04,PPL
HBAN,HUNTINGTON BANCSHARES INC,0.04,HBAN
DOV,DOVER CORP,0.04,DOV
AVB,AVALONBAY COMMUNITIES REIT INC,0.04,AVB
EFX,EQUIFAX INC,0.04,EFX
AWK,AMERICAN WATER WORKS INC,0.04,AWK
CINF,CINCINNATI FINANCIAL CORP,0.04,CINF
STE,STERIS,0.04,STE
VLTO,VERALTO CORP,0.04,VLTO
DXCM,DEXCOM INC,0.04,DXCM
CNP,CENTERPOINT ENERGY INC,0.04,CNP
PHM,PULTEGROUP INC,0.04,PHM
NTRS,NORTHERN TRUST CORP,0.04,NTRS
ULTA,ULTA BEAUTY INC,0.04,ULTA
GIS,GENERAL MILLS INC,0.04,GIS
EL,ESTEE LAUDER INC CLASS A,0.04,EL
IRM,IRON MOUNTAIN INC,0.04,IRM
ES,EVERSOURCE ENERGY,0.04,ES
DG,DOLLAR GENERAL CORP,0.04,DG
LDOS,LEIDOS HOLDINGS INC,0.04,LDOS
WAT,WATERS CORP,0.04,WAT
HPQ,HP INC,0.04,HPQ
DVN,DEVON ENERGY CORP,0.04,DVN
FE,FIRSTENERGY CORP,0.04,FE
CFG,CITIZENS FINANCIAL GROUP INC,0.04,CFG
BRO,BROWN & BROWN INC,0.04,BRO
STLD,STEEL DYNAMICS INC,0.04,STLD
OMC,OMNICOM GROUP INC,0.04,OMC
TDY,TELEDYNE TECHNOLOGIES INC,0.04,TDY
NTAP,NETAPP INC,0.04,NTAP
HAL,HALLIBURTON,0.04,HAL
JBL,JABIL INC,0.04,JBL
TPR,TAPESTRY INC,0.04,TPR
HUBB,HUBBELL INC,0.04,HUBB
TROW,T ROWE PRICE GROUP INC,0.04,TROW
RF,REGIONS FINANCIAL CORP,0.04,RF
PPG,PPG INDUSTRIES INC,0.04,PPG
K,KELLANOVA,0.04,K
LH,LABCORP HOLDINGS INC,0.04,LH
NVR,NVR INC,0.04,NVR
WRB,WR BERKLEY CORP,0.04,WRB
WSM,WILLIAMS SONOMA INC,0.04,WSM
EIX,EDISON INTERNATIONAL,0.04,EIX
PODD,INSULET CORP,0.04,PODD
CMS,CMS ENERGY CORP,0.04,CMS
VRSN,VERISIGN INC,0.04,VRSN
EQR,EQUITY RESIDENTIAL REIT,0.04,EQR
KHC,KRAFT HEINZ,0.04,KHC
LVS,LAS VEGAS SANDS CORP,0.04,LVS
DLTR,DOLLAR TREE INC,0.04,DLTR
PTC,PTC INC,0.04,PTC
ON,ON SEMICONDUCTOR CORP,0.04,ON
CPAY,CORPAY INC,0.04,CPAY
DRI,DARDEN RESTAURANTS INC,0.04,DRI
DGX,QUEST DIAGNOSTICS INC,0.03,DGX
LYV,LIVE NATION ENTERTAINMENT INC,0.03,LYV
CTRA,COTERRA ENERGY INC,0.03,CTRA
CHD,CHURCH AND DWIGHT INC,0.03,CHD
SBAC,SBA COMMUNICATIONS REIT CORP CLASS,0.03,SBAC
TYL,TYLER TECHNOLOGIES INC,0.03,TYL
IP,INTERNATIONAL PAPER,0.03,IP
EXPD,EXPEDITORS INTERNATIONAL OF WASHIN,0.03,EXPD
LULU,LULULEMON ATHLETICA INC,0.03,LULU
NI,NISOURCE INC,0.03,NI
TRMB,TRIMBLE INC,0.03,TRMB
STZ,CONSTELLATION BRANDS INC CLASS A,0.03,STZ
WST,WEST PHARMACEUTICAL SERVICES INC,0.03,WST
AMCR,AMCOR PLC,0.03,AMCR
GPN,GLOBAL PAYMENTS INC,0.03,GPN
CDW,CDW CORP,0.03,CDW
CHRW,CH ROBINSON WORLDWIDE INC,0.03,CHRW
ZBH,ZIMMER BIOMET HOLDINGS INC,0.03,ZBH
LUV,SOUTHWEST AIRLINES,0.03,LUV
CHTR,CHARTER COMMUNICATIONS INC CLASS A,0.03,CHTR
CNC,CENTENE CORP,0.03,CNC
L,LOEWS CORP,0.03,L
SW,SMURFIT WESTROCK PLC,0.03,SW
FTV,FORTIVE CORP,0.03,FTV
ROL,ROLLINS INC,0.03,ROL
GPC,GENUINE PARTS,0.03,GPC
GDDY,GODADDY INC CLASS A,0.03,GDDY
TTD,TRADE DESK INC CLASS A,0.03,TTD
SNA,SNAP ON INC,0.03,SNA
IFF,INTERNATIONAL FLAVORS & FRAGRANCES,0.03,IFF
IT,GARTNER INC,0.03,IT
PNR,PENTAIR,0.03,PNR
PKG,PACKAGING CORP OF AMERICA,0.03,PKG
EVRG,EVERGY INC,0.03,EVRG
LNT,ALLIANT ENERGY CORP,0.03,LNT
PFG,PRINCIPAL FINANCIAL GROUP INC,0.03,PFG
KEY,KEYCORP,0.03,KEY
APTV,APTIV PLC,0.03,APTV
Q,QNITY ELECTRONICS INC,0.03,Q
DOW,DOW INC,0.03,DOW
TPL,TEXAS PACIFIC LAND CORP,0.03,TPL
ESS,ESSEX PROPERTY TRUST REIT INC,0.03,ESS
DD,DUPONT DE NEMOURS INC,0.03,DD
MKC,MCCORMICK & CO NON-VOTING INC,0.03,MKC
HOLX,HOLOGIC INC,0.03,HOLX
SMCI,SUPER MICRO COMPUTER INC,0.03,SMCI
TSN,TYSON FOODS INC CLASS A,0.03,TSN
INCY,INCYTE CORP,0.03,INCY
J,JACOBS SOLUTIONS INC,0.03,J
MAA,MID AMERICA APARTMENT COMMUNITIES,0.03,MAA
WY,WEYERHAEUSER REIT,0.03,WY
INVH,INVITATION HOMES INC,0.03,INVH
LII,LENNOX INTERNATIONAL INC,0.03,LII
COO,COOPER INC,0.03,COO
ALB,ALBEMARLE CORP,0.03,ALB
TXT,TEXTRON INC,0.03,TXT
BBY,BEST BUY INC,0.03,BBY
GEN,GEN DIGITAL INC,0.02,GEN
ALLE,ALLEGION PLC,0.02,ALLE
JBHT,JB HUNT TRANSPORT SERVICES INC,0.02,JBHT
RL,RALPH LAUREN CORP CLASS A,0.02,RL
FOXA,FOX CORP CLASS A,0.02,FOXA
FFIV,F5 INC,0.02,FFIV
KIM,KIMCO REALTY REIT CORP,0.02,KIM
DECK,DECKERS OUTDOOR CORP,0.02,DECK
AVY,AVERY DENNISON CORP,0.02,AVY
MAS,MASCO CORP,0.02,MAS
UHS,UNIVERSAL HEALTH SERVICES INC CLAS,0.02,UHS
DPZ,DOMINOS PIZZA INC,0.02,DPZ
BALL,BALL CORP,0.02,BALL
IEX,IDEX CORP,0.02,IEX
EG,EVEREST GROUP LTD,0.02,EG
TKO,TKO GROUP HOLDINGS INC CLASS A,0.02,TKO
CLX,CLOROX,0.02,CLX
BG,BUNGE GLOBAL SA,0.02,BG
ZBRA,ZEBRA TECHNOLOGIES CORP CLASS A,0.02,ZBRA
NDSN,NORDSON CORP,0.02,NDSN
SOLV,SOLVENTUM CORP,0.02,SOLV
VTRS,VIATRIS INC,0.02,VTRS
CF,CF INDUSTRIES HOLDINGS INC,0.02,CF
JKHY,JACK HENRY AND ASSOCIATES INC,0.02,JKHY
DOC,HEALTHPEAK PROPERTIES INC,0.02,DOC
BLDR,BUILDERS FIRSTSOURCE INC,0.02,BLDR
AKAM,AKAMAI TECHNOLOGIES INC,0.02,AKAM
HII,HUNTINGTON INGALLS INDUSTRIES INC,0.02,HII
LYB,LYONDELLBASELL INDUSTRIES NV CLASS,0.02,LYB
RVTY,REVVITY INC,0.02,RVTY
REG,REGENCY CENTERS REIT CORP,0.02,REG
CPT,CAMDEN PROPERTY TRUST REIT,0.02,CPT
WYNN,WYNN RESORTS LTD,0.02,WYNN
AIZ,ASSURANT INC,0.02,AIZ
HST,HOST HOTELS & RESORTS REIT INC,0.02,HST
SWK,STANLEY BLACK & DECKER INC,0.02,SWK
UDR,UDR REIT INC,0.02,UDR
DAY,DAYFORCE INC,0.02,DAY
HAS,HASBRO INC,0.02,HAS
IVZ,INVESCO LTD,0.02,IVZ
SJM,JM SMUCKER,0.02,SJM
EPAM,EPAM SYSTEMS INC,0.02,EPAM
FDS,FACTSET RESEARCH SYSTEMS INC,0.02,FDS
PNW,PINNACLE WEST CORP,0.02,PNW
GL,GLOBE LIFE INC,0.02,GL
BXP,BXP INC,0.02,BXP
AES,AES CORP,0.02,AES
SWKS,SKYWORKS SOLUTIONS INC,0.02,SWKS
ALGN,ALIGN TECHNOLOGY INC,0.02,ALGN
TECH,BIO TECHNE CORP,0.02,TECH
BAX,BAXTER INTERNATIONAL INC,0.02,BAX
NWSA,NEWS CORP CLASS A,0.02,NWSA
APA,APA CORP,0.02,APA
GNRC,GENERAC HOLDINGS INC,0.02,GNRC
FOX,FOX CORP CLASS B,0.02,FOX
BZFUT,CASH COLLATERAL USD BZFUT,0.01,BZFUT
CRL,CHARLES RIVER LABORATORIES INTERNA,0.01,CRL
NCLH,NORWEGIAN CRUISE LINE HOLDINGS LTD,0.01,NCLH
CAG,CONAGRA BRANDS INC,0.01,CAG
ARE,ALEXANDRIA REAL ESTATE EQUITIES RE,0.01,ARE
MTCH,MATCH GROUP INC,0.01,MTCH
LW,LAMB WESTON HOLDINGS INC,0.01,LW
MRNA,MODERNA INC,0.01,MRNA
PAYC,PAYCOM SOFTWARE INC,0.01,PAYC
POOL,POOL CORP,0.01,POOL
TAP,MOLSON COORS BREWING CLASS B,0.01,TAP
MOH,MOLINA HEALTHCARE INC,0.01,MOH
LKQ,LKQ CORP,0.01,LKQ
MOS,MOSAIC,0.01,MOS
AOS,A O SMITH CORP,0.01,AOS
ERIE,ERIE INDEMNITY CLASS A,0.01,ERIE
SOLS,SOLSTICE ADVANCED MATERIALS INC,0.01,SOLS
HSIC,HENRY SCHEIN INC,0.01,HSIC
MGM,MGM RESORTS INTERNATIONAL,0.01,MGM
FRT,FEDERAL REALTY INVESTMENT TRUST RE,0.01,FRT
BEN,FRANKLIN RESOURCES INC,0.01,BEN
HRL,HORMEL FOODS CORP,0.01,HRL
CPB,CAMPBELL SOUP,0.01,CPB
MHK,MOHAWK INDUSTRIES INC,0.01,MHK
BFB,BROWN FORMAN CORP CLASS B,0.01,BFB
PSKY,PARAMOUNT SKYDANCE CORP CLASS B,0.01,PSKY
DVA,DAVITA INC,0.01,DVA
NWS,NEWS CORP CLASS B,0.01,NWS
